lineup_id,unique ID from Draftkings
flex_pos,Roster position of flex
team_players,Players in lineup
lineup_fp,actual fantasy points scored by lineup
lineup_salary,total lineup salary
lineup_avg_ownership,average ownership of entire lineup
top_3_salary,Percentage of slary cap your 3 most expensive players represent
lineup_home_away,Total number of home players in lineup
qb_salary,salary of qb
qb_team_total,Implied Team Total for QB based on Vegas Over/Under
qb_spread,Vegas point spread of QB Team
qb_ownership,Percent of Team who rostered the QB
defense_salary,Salary spent on defense
total_wr_salary,Total Salary spent on WRs (includes if played in flex)
total_te_salary,Total Salary spent onTEs (includes if played in flex)
total_rb_salary,Total Salary spent on RBs (includes if played in flex)
defense_spread,Vegas point spread of defense
qb_stack,Total number of players (besides QB) from the QB's team
opp_stack,Total number of players from the QB's team Opp Team
stack_game_total,Vegas over/under total of the QBs game
rb_same,Number of RBs owned on QBs team
wr_same,Number of WRs owned on QBs team
te_same,Number of TEs owned on QBs team
rb_opp,Number of RBs owned on QBs opp team
wr_opp,Number of WRs owned on QBs opp team
te_opp,Number of TEs owned on QBs opp team
rb_defense_stack,Number of RBs on the same team as defense
total_games_lineup,Total number of unique games your roster players are from
highest_players_ex_stackgame,Excluding your QBs game the next game in your roster with the most players
week,Week of the contest
place,Flea Flicker rank
top_place,1 if in the top 24 lineups
